,Name,Price,Discount
0,Maxima O-45844PPGW Hybrid Collection Analog Watch  - For Men,₹512,65% off
1,Casio A1532 Enticer Men's Analog Watch  - For Men,"₹2,397",50% off
2,Casio A1489 Enticer Men's Analog Watch  - For Men,"₹1,396",30% off
3,Titan 1773SL02 Karishma Analog Watch  - For Men,"₹1,495",25% off
4,Casio A1487 Enticer Men's Analog Watch  - For Men,"₹1,676",30% off
5,Casio A1490 Enticer Men's Analog Watch  - For Men,"₹1,396",30% off
6,Gopal Retail Paidu 58897 Black Dial Stainless Still Belt Analouge...,₹213,78% off
7,Skmei skm-1155-Blue Skmei Analog-Digital Watch  - For Boys,₹435,70% off
8,Sonata Nf7987YL02CJ Analog Watch  - For Men,₹575,NAN
9,Lois Caron LCS-8075 BLUE DIAL DAY & DATE FUNCTIONING Analog Watch...,₹312,87% off
10,Lois Caron LCS-8049 BLACK DIAL DAY & DATE FUNCTIONING Analog Watc...,₹331,87% off
11,Skmei Fully black led silicon belt date & day display light chang...,₹58,80% off
12,Fogg 2058-BK Printed Black Day and Date Analog Watch  - For Men,₹312,87% off
13,Fastrack 38024PP25 Minimalists Analog Watch  - For Men & Women,₹850,NAN
14,Espoir CheckBlueRay0507 DAY AND DATE FUNCTIONING Analog Watch  - ...,₹311,84% off
15,Skmei Analog Digital Skmei Analogue Digital Black Dial Black Stra...,₹599,60% off
16,ADIXION M Mahadev Watch with Black Leather Strap (Lord Siva) Anal...,₹125,74% off
17,Awex SKMEI Sports Multifunctional Dual Time Digital Blue Dial Men...,₹425,78% off
18,Swadesi Stuff Silicone LED Digital Good Looking Kids Watch for Bo...,₹149,81% off
19,LOREM LK-1-2-5-7-8 Multicolor Designer pack of 5 Analog Watch  - ...,₹403,82% off
20,Casado 209BLUBLU JUST SMILE:) Analog Watch  - For Men,₹200,74% off
21,Fogg 1164-BR Brown Day and Date Unique New Analog Watch  - For Me...,₹296,82% off
22,Tarido TD1529NL01 New Exclusive Black dial blue jeans with leathe...,₹149,70% off
23,Fogg 2038-WH Day and Date Analog Watch  - For Men,₹331,81% off
24,Skmei 1117 Grey Analog-Digital Analog-Digital Watch  - For Men,₹369,76% off
25,Skmei Digital Multi-functional Full Screen Black Sports Digital W...,₹519,65% off
26,Fogg 2058-BL Printed Blue Day and Date Analog Watch  - For Men,₹312,87% off
27,LimeStone LS2804 All Black Mesh Strap Day and Date Functioning Qu...,₹331,83% off
28,Sonata 77085PP03 Volt Analog Watch  - For Men,₹649,NAN
29,Skmei AD1166 Analog-Digital Watch  - For Men,₹409,72% off
30,SPLAZOS Couple Analogue Stainless Still Black Dial Analog Watch  ...,₹215,86% off
31,just like Stylish Attractive Chronograph Pattern Combo pack-2 Boy...,₹217,56% off
32,Fogg 2038-BL Day and Date Analog Watch  - For Men,₹296,83% off
33,LOREM LK-05 Black-Round Professional Plain Leather Analog Watch  ...,₹149,85% off
34,Foxter 428-429-438 New Best Artist Designer Combo Watch For men &...,₹499,80% off
35,Abrexo Abx2054-BL BLUE DAIL Day & Date Feature Analog Watch  - Fo...,₹280,89% off
36,Cavalli R7251900113 Analog Watch  - For Men,₹547,63% off
37,COSMIC DFGHK52 Analog Watch  - For Men,₹351,36% off
38,DK KM-500 Skeleton Analog Watch  - For Men,₹349,41% off
39,Cavalli R7251900111 Analog Watch  - For Men,₹507,66% off
